"Дата","Цена","Минимальная Цена","Максимальная Цена","Количество сделок"
"07.03.2023","184.50","180.80","186.90","10,977"
"06.03.2023","181.30","177.60","183.70","7,490"
"03.03.2023","179.70","178.30","180.90","5,016"
"02.03.2023","178.80","176.20","183.30","5,921"
"01.03.2023","181.40","179.10","183.70","5,186"
"28.02.2023","179.10","178.00","181.40","3,720"
"27.02.2023","178.70","174.60","181.40","6,558"
"24.02.2023","176.10","174.70","177.60","2,032"
"22.02.2023","175.40","174.40","177.80","2,206"
"21.02.2023","176.30","173.50","180.00","4,309"
"20.02.2023","172.10","170.10","174.50","3,403"
"17.02.2023","171.00","167.20","173.40","4,926"
"16.02.2023","173.80","172.00","177.00","5,515"
"15.02.2023","176.30","172.00","182.30","8,710"
"14.02.2023","183.10","181.00","187.70","7,128"
"13.02.2023","188.10","186.00","190.90","3,930"
"10.02.2023","186.60","185.20","188.70","3,348"
"09.02.2023","188.60","185.30","191.00","6,840"
"08.02.2023","186.60","180.20","190.00","12,444"
"07.02.2023","181.60","180.00","183.40","3,275"
"06.02.2023","182.20","179.90","183.50","4,324"
"03.02.2023","180.00","178.20","183.20","4,316"
"02.02.2023","182.60","180.30","184.40","5,474"
"01.02.2023","181.80","177.50","184.80","11,095"
"31.01.2023","177.10","175.00","178.60","3,890"
"30.01.2023","176.30","175.10","177.50","2,931"
"27.01.2023","176.00","174.10","177.30","3,208"
"26.01.2023","175.10","174.00","177.00","2,486"
"25.01.2023","175.60","174.20","177.50","3,324"
"24.01.2023","178.30","176.40","181.10","5,378"
"23.01.2023","178.10","172.00","180.30","8,598"
"20.01.2023","173.00","172.10","174.60","3,064"
"19.01.2023","174.90","172.80","179.00","4,563"
"18.01.2023","178.40","171.60","183.70","11,310"
"17.01.2023","178.20","174.50","181.90","11,087"
"16.01.2023","173.60","169.40","176.80","6,375"
"13.01.2023","170.60","169.00","172.90","2,392"
"12.01.2023","172.00","169.90","174.00","3,587"
"11.01.2023","171.30","169.40","172.40","3,235"
"10.01.2023","169.60","168.10","171.20","2,257"
"09.01.2023","170.60","167.00","172.60","4,956"
"06.01.2023","167.60","166.00","170.30","3,805"
"05.01.2023","171.80","168.80","175.00","6,605"
"04.01.2023","170.40","164.50","174.20","7,550"
"03.01.2023","165.20","160.30","167.00","4,661"
"30.12.2022","160.70","160.00","161.70","2,091"
"29.12.2022","160.90","159.80","161.80","2,439"
"28.12.2022","161.00","159.80","163.10","4,391"
"27.12.2022","162.40","161.00","164.20","3,234"
"26.12.2022","163.00","161.60","165.80","3,980"
"23.12.2022","164.90","162.50","166.80","4,402"
"22.12.2022","163.00","160.80","164.90","2,463"
"21.12.2022","162.30","160.30","164.50","3,055"
"20.12.2022","162.20","156.00","165.00","4,891"
"19.12.2022","159.00","158.20","161.90","5,180"
"16.12.2022","161.80","160.70","162.70","2,440"
"15.12.2022","162.40","160.40","165.20","4,776"
"14.12.2022","166.10","164.10","168.30","2,963"
"13.12.2022","168.30","166.60","170.00","3,291"
"12.12.2022","166.60","165.80","167.80","2,658"
"09.12.2022","167.70","166.80","169.50","2,537"
"08.12.2022","168.00","167.20","170.60","1,958"
"07.12.2022","168.40","167.10","170.80","2,713"
"06.12.2022","170.10","169.00","171.90","2,578"
"05.12.2022","171.90","170.40","173.30","2,414"
"02.12.2022","171.60","170.30","174.00","2,377"
"01.12.2022","172.90","171.40","174.00","3,482"
"30.11.2022","171.80","170.50","173.30","1,939"
"29.11.2022","173.10","172.00","174.20","2,382"
"28.11.2022","175.40","172.30","179.90","4,790"
"25.11.2022","175.80","171.00","178.90","6,358"
"24.11.2022","171.40","167.60","172.90","2,304"
"23.11.2022","169.10","167.00","170.80","2,469"
"22.11.2022","168.20","166.10","169.60","2,064"
"21.11.2022","167.20","165.50","170.90","3,569"
"18.11.2022","170.40","169.80","171.00","1,351"
"17.11.2022","171.30","170.30","172.70","1,783"
"16.11.2022","171.00","168.60","173.60","4,236"
"15.11.2022","172.80","169.50","175.00","4,948"
"14.11.2022","171.00","168.40","173.00","3,577"
"11.11.2022","169.00","168.00","171.00","2,359"
"10.11.2022","168.50","164.70","171.30","4,351"
"09.11.2022","170.50","165.30","174.20","6,433"
"08.11.2022","173.60","172.00","178.00","4,273"
"07.11.2022","175.30","171.10","178.20","6,067"
"03.11.2022","169.50","167.00","172.20","4,829"
"02.11.2022","173.10","171.10","176.10","3,618"
"01.11.2022","176.20","172.20","182.00","6,766"
"31.10.2022","175.90","171.60","180.00","7,863"
"28.10.2022","172.10","170.10","173.90","4,326"
"27.10.2022","172.60","168.30","175.20","7,262"
"26.10.2022","166.20","162.30","172.00","6,755"
"25.10.2022","169.00","162.30","171.80","8,786"
"24.10.2022","163.40","161.80","165.50","3,296"
"21.10.2022","160.10","157.10","161.90","3,188"
"20.10.2022","161.40","159.70","163.50","3,073"
"19.10.2022","160.00","157.00","164.50","5,202"
"18.10.2022","164.30","162.30","166.90","4,619"
"17.10.2022","162.90","156.70","165.00","7,308"
"14.10.2022","156.90","152.30","160.90","4,641"
"13.10.2022","159.10","151.90","165.00","8,182"
"12.10.2022","152.40","150.90","153.70","2,340"
"11.10.2022","152.00","150.10","154.40","4,014"
"10.10.2022","145.50","133.60","150.90","9,780"
"07.10.2022","152.60","148.20","159.10","6,464"
"06.10.2022","159.40","154.80","162.90","4,954"
"05.10.2022","154.60","150.20","158.50","6,049"
"04.10.2022","157.30","155.00","161.10","5,693"
"03.10.2022","157.10","146.70","162.90","12,949"
"30.09.2022","146.30","141.60","154.40","10,819"
"29.09.2022","149.70","145.80","156.70","7,893"
"28.09.2022","157.20","154.10","161.40","5,487"
"27.09.2022","158.30","151.50","165.40","8,842"
"26.09.2022","159.00","145.20","174.00","21,040"
"23.09.2022","177.10","170.80","191.10","15,537"
"22.09.2022","187.20","182.10","190.00","7,933"
"21.09.2022","182.90","170.00","189.90","18,662"
"20.09.2022","203.60","193.20","212.90","19,818"
"19.09.2022","213.90","211.20","217.50","4,474"
"16.09.2022","214.20","212.50","216.20","3,975"
"15.09.2022","212.90","212.00","213.60","2,435"
"14.09.2022","211.90","210.70","213.90","3,460"
"13.09.2022","215.00","212.20","217.50","4,103"
"12.09.2022","216.60","212.20","219.00","5,175"
"09.09.2022","213.00","212.00","214.40","3,475"
"08.09.2022","211.70","210.10","214.00","4,671"
"07.09.2022","213.60","212.30","215.40","5,080"
"06.09.2022","216.70","211.80","221.90","10,430"
"05.09.2022","219.20","217.00","221.00","5,785"
"02.09.2022","218.40","215.30","219.50","5,688"
"01.09.2022","217.50","215.10","219.90","5,307"
"31.08.2022","218.30","215.50","221.00","6,796"
"30.08.2022","222.60","217.20","225.80","9,510"
"29.08.2022","222.30","216.30","225.00","9,616"
"26.08.2022","218.30","216.00","219.90","7,757"
"25.08.2022","225.30","216.20","234.40","39,082"
"24.08.2022","233.00","225.20","238.00","22,776"
"23.08.2022","224.80","222.40","225.80","4,500"
"22.08.2022","221.20","215.00","223.60","8,656"
"19.08.2022","223.70","222.00","227.10","4,401"
"18.08.2022","224.90","221.60","227.70","11,592"
"17.08.2022","231.00","220.60","238.00","19,367"
"16.08.2022","221.60","215.60","225.20","11,357"
"15.08.2022","215.40","211.80","219.00","8,223"
"12.08.2022","215.10","211.40","220.80","20,224"
"11.08.2022","217.70","196.10","231.30","64,417"
"10.08.2022","196.80","194.60","198.30","5,696"
"09.08.2022","196.10","192.30","198.60","12,036"
"08.08.2022","191.10","186.40","193.40","4,495"
"05.08.2022","188.80","186.40","193.00","6,020"
"04.08.2022","192.30","190.80","195.40","3,200"
"03.08.2022","194.40","190.60","197.90","5,498"
"02.08.2022","193.50","188.10","199.90","9,831"
"01.08.2022","193.50","189.60","198.10","8,536"
"29.07.2022","198.40","194.10","203.90","10,741"
"28.07.2022","197.50","194.40","201.40","7,739"
"27.07.2022","198.90","192.00","203.70","14,670"
"26.07.2022","192.20","188.60","195.50","7,836"
"25.07.2022","189.50","187.00","191.90","4,951"
"22.07.2022","188.90","186.80","192.00","4,890"
"21.07.2022","187.70","184.50","192.90","5,080"
"20.07.2022","192.60","188.60","196.50","7,405"
"19.07.2022","188.80","185.00","191.90","4,587"
"18.07.2022","188.50","184.60","193.70","3,895"
"15.07.2022","189.90","188.00","191.30","2,435"
"14.07.2022","189.90","186.50","191.90","2,951"
"13.07.2022","188.60","185.20","193.90","5,055"
"12.07.2022","193.60","189.30","197.70","6,009"
"11.07.2022","200.70","195.10","206.50","6,150"
"08.07.2022","201.20","196.60","203.90","7,826"
"07.07.2022","197.70","189.10","202.00","8,869"
"06.07.2022","190.90","188.80","192.90","4,083"
"05.07.2022","189.50","187.00","192.70","4,858"
"04.07.2022","189.70","186.30","194.50","4,726"
"01.07.2022","188.80","183.80","190.70","5,484"
"30.06.2022","191.20","185.00","199.90","11,151"
"29.06.2022","200.30","192.10","209.80","7,983"
"28.06.2022","204.70","200.00","207.90","9,346"
"27.06.2022","195.40","190.10","201.20","6,149"
"24.06.2022","191.80","189.60","195.90","4,575"
"23.06.2022","194.60","191.30","197.00","5,147"
"22.06.2022","190.50","186.80","195.30","3,639"
"21.06.2022","193.90","191.60","197.10","5,496"
"20.06.2022","194.00","190.80","197.00","5,281"
"17.06.2022","190.70","190.00","192.00","3,116"
"16.06.2022","190.50","185.60","192.50","5,694"
"15.06.2022","185.20","183.90","186.50","3,728"
"14.06.2022","184.30","182.00","187.50","6,247"
"10.06.2022","188.50","186.60","190.50","3,907"
"09.06.2022","189.00","186.00","195.80","3,638"
"08.06.2022","192.80","188.60","196.00","4,476"
"07.06.2022","184.80","181.20","193.00","6,294"
"06.06.2022","188.60","185.20","193.80","8,121"
"03.06.2022","193.40","188.40","197.30","6,516"
"02.06.2022","197.20","195.50","201.50","5,057"
"01.06.2022","201.60","199.00","203.50","4,276"
"31.05.2022","202.10","196.20","206.90","8,654"
"30.05.2022","206.00","200.00","211.80","7,096"
"27.05.2022","201.60","196.10","204.30","6,885"
"26.05.2022","203.00","196.20","208.00","7,180"
"25.05.2022","196.80","192.00","201.30","6,011"
"24.05.2022","196.60","189.10","205.80","23,533"
"23.05.2022","208.20","202.60","217.90","22,523"
"20.05.2022","219.50","216.00","225.80","6,040"
"19.05.2022","222.90","220.40","226.00","4,281"
"18.05.2022","228.50","220.00","239.90","8,524"
"17.05.2022","220.40","217.90","223.70","4,705"
"16.05.2022","217.50","216.00","220.50","4,175"
"13.05.2022","215.30","213.00","217.50","4,353"
"12.05.2022","216.70","213.60","220.90","5,811"
"11.05.2022","221.70","219.60","224.00","4,779"
"06.05.2022","222.20","220.10","226.70","5,614"
"05.05.2022","225.10","222.40","227.60","3,884"
"04.05.2022","227.80","222.00","233.70","5,775"
"29.04.2022","226.60","222.50","232.00","6,289"
"28.04.2022","235.60","225.00","245.00","9,635"
"27.04.2022","229.60","223.00","236.00","7,960"
"26.04.2022","222.50","217.00","225.90","6,046"
"25.04.2022","219.40","212.00","228.90","6,603"
"22.04.2022","228.50","220.90","234.80","7,987"
"21.04.2022","234.90","222.00","248.20","23,301"
"20.04.2022","218.80","210.00","224.90","5,746"
"19.04.2022","214.40","207.10","223.00","10,318"
"18.04.2022","230.90","220.00","250.90","8,544"
"15.04.2022","224.80","215.50","231.90","7,589"
"14.04.2022","235.30","230.30","244.80","6,792"
"13.04.2022","245.30","241.10","251.10","4,184"
"12.04.2022","241.70","235.00","250.60","7,374"
"11.04.2022","252.40","249.20","258.00","7,138"
"08.04.2022","250.50","244.20","260.00","5,869"
"07.04.2022","250.90","244.40","258.00","7,464"
"06.04.2022","250.10","241.00","254.70","8,364"
"05.04.2022","258.30","250.00","269.00","11,221"
"04.04.2022","268.80","253.80","278.70","17,396"
"01.04.2022","279.70","265.00","293.30","19,259"
"31.03.2022","262.30","231.60","274.70","24,122"
"30.03.2022","236.80","216.30","259.00","13,083"
"29.03.2022","217.90","201.00","226.00","13,724"
"28.03.2022","219.30","210.70","240.00","22,684"
"25.02.2022","270.10","238.20","320.70","30,397"
"24.02.2022","209.90","149.80","294.80","41,532"
"22.02.2022","314.50","275.50","342.00","38,081"
"21.02.2022","350.20","318.50","382.00","44,766"
"18.02.2022","376.00","365.90","390.70","14,533"
"17.02.2022","383.90","374.20","392.20","13,859"
"16.02.2022","399.20","391.60","409.00","19,967"
"15.02.2022","387.00","383.50","390.80","12,154"
"14.02.2022","380.20","373.60","386.90","15,394"
"11.02.2022","385.10","377.30","392.80","15,824"
"10.02.2022","389.00","373.60","398.50","29,840"
"09.02.2022","370.90","367.20","373.80","14,325"
"08.02.2022","364.80","359.90","377.70","11,276"
"07.02.2022","357.10","351.30","360.70","9,937"
"04.02.2022","356.10","352.20","360.20","15,305"
"03.02.2022","359.50","352.00","371.20","24,382"
"02.02.2022","374.30","370.50","379.90","12,887"
"01.02.2022","377.40","370.40","384.90","15,585"
"31.01.2022","380.00","370.10","391.20","25,935"
"28.01.2022","367.10","361.60","373.80","16,522"
"27.01.2022","366.00","355.70","379.00","24,103"
"26.01.2022","366.80","360.30","382.00","29,577"
"25.01.2022","367.10","356.00","383.60","22,628"
"24.01.2022","374.70","357.00","405.50","52,722"
"21.01.2022","401.10","397.40","404.80","19,929"
"20.01.2022","407.20","404.00","421.00","30,154"
"19.01.2022","413.60","405.00","435.80","34,814"
"18.01.2022","424.90","407.50","452.90","27,507"
"17.01.2022","450.20","442.20","462.00","10,700"
"14.01.2022","447.30","430.20","472.70","31,239"
"13.01.2022","472.50","456.00","495.00","15,825"
"12.01.2022","485.80","476.50","491.00","12,943"
"11.01.2022","470.70","459.90","477.70","13,067"
"10.01.2022","461.70","450.20","469.00","11,562"
"06.01.2022","455.20","450.10","462.50","9,620"
"05.01.2022","460.80","447.50","466.50","7,857"
"04.01.2022","457.20","451.40","467.00","12,335"
"03.01.2022","449.40","440.10","454.80","12,685"
"30.12.2021","437.90","435.40","443.90","10,816"
"29.12.2021","439.00","435.20","445.70","14,716"
"28.12.2021","444.70","435.00","452.80","21,135"
"27.12.2021","451.80","449.60","454.90","11,826"
"24.12.2021","450.10","446.60","453.70","12,597"
"23.12.2021","453.60","450.00","461.00","13,269"
"22.12.2021","460.50","455.10","467.10","12,939"
"21.12.2021","465.80","457.40","481.70","13,467"
"20.12.2021","467.70","462.30","481.60","19,207"
"17.12.2021","484.00","480.00","495.40","11,240"
"16.12.2021","486.90","482.50","490.80","13,733"
"15.12.2021","486.20","467.00","495.90","34,770"
"14.12.2021","525.20","512.30","535.40","20,799"
"13.12.2021","542.80","529.50","558.40","22,026"
"10.12.2021","553.00","546.40","559.80","10,935"
"09.12.2021","556.80","555.00","563.10","8,177"
"08.12.2021","559.60","553.40","567.20","10,053"
"07.12.2021","557.20","554.00","562.90","7,734"
"06.12.2021","561.80","550.80","578.00","9,515"
"03.12.2021","569.50","564.70","576.40","7,877"
"02.12.2021","563.20","559.10","569.00","6,241"
"01.12.2021","559.60","552.20","561.50","5,324"
"30.11.2021","557.20","549.00","565.80","7,879"
"29.11.2021","556.80","544.00","570.20","9,216"
"26.11.2021","552.30","549.60","561.90","13,065"
"25.11.2021","564.60","560.30","570.00","8,828"
"24.11.2021","563.10","556.00","569.80","11,409"
"23.11.2021","559.20","548.20","574.20","21,290"
"22.11.2021","566.70","557.00","579.00","14,728"
"19.11.2021","577.00","568.80","591.00","15,160"
"18.11.2021","585.70","582.00","588.00","6,346"
"17.11.2021","583.20","580.60","588.80","9,179"
"16.11.2021","587.30","580.80","597.60","12,705"
"15.11.2021","590.90","588.00","596.70","10,526"
"12.11.2021","593.00","576.00","605.50","16,969"
"11.11.2021","600.50","597.30","603.00","7,925"
"10.11.2021","602.30","600.10","605.30","5,968"
"09.11.2021","603.00","596.50","614.90","17,634"
"08.11.2021","613.30","601.20","619.60","14,303"
"05.11.2021","606.80","601.00","611.00","7,990"
"03.11.2021","606.00","601.00","611.20","9,080"
"02.11.2021","607.90","602.20","613.50","8,260"
"01.11.2021","607.40","595.70","613.30","18,246"
"29.10.2021","590.00","586.40","594.00","4,284"
"28.10.2021","588.30","584.00","594.80","6,905"
"27.10.2021","593.50","587.60","596.70","5,752"
"26.10.2021","589.50","581.30","593.00","7,748"
"25.10.2021","583.50","575.90","591.10","9,899"
"22.10.2021","587.40","580.40","595.70","10,724"
"21.10.2021","597.10","585.70","614.30","19,213"
"20.10.2021","610.10","603.00","618.40","7,902"
"19.10.2021","613.10","606.60","626.50","11,196"
"18.10.2021","622.90","616.00","627.30","8,043"
"15.10.2021","616.50","613.00","618.00","5,832"
"14.10.2021","611.30","607.40","613.00","6,178"
"13.10.2021","604.90","597.00","609.90","5,711"
"12.10.2021","609.30","604.20","614.30","8,048"
"11.10.2021","608.70","598.20","613.60","11,726"
"08.10.2021","597.00","585.70","600.00","8,736"
"07.10.2021","582.80","567.40","599.00","12,673"
"06.10.2021","565.70","553.60","574.00","9,696"
"05.10.2021","556.40","550.60","560.00","10,052"
"04.10.2021","558.50","547.10","579.70","23,063"
"01.10.2021","581.00","576.00","589.20","7,996"
"30.09.2021","588.60","586.50","594.30","4,445"
"29.09.2021","592.60","587.20","599.60","5,267"
"28.09.2021","587.20","581.10","595.20","10,125"
"27.09.2021","595.10","591.10","602.80","9,478"
"24.09.2021","600.60","598.90","603.00","5,604"
"23.09.2021","600.80","599.00","604.30","6,890"
"22.09.2021","602.10","600.70","604.90","4,529"
"21.09.2021","602.50","599.20","605.00","6,312"
"20.09.2021","601.90","593.20","607.00","6,297"
"17.09.2021","603.50","600.30","608.90","6,838"
"16.09.2021","604.00","601.00","608.00","5,307"
"15.09.2021","601.90","589.30","615.00","15,591"
"14.09.2021","612.90","610.30","618.50","4,959"
"13.09.2021","615.50","613.40","618.00","4,343"
"10.09.2021","614.80","612.10","618.00","6,205"
"09.09.2021","616.00","613.50","620.00","4,666"
"08.09.2021","616.10","612.20","622.30","7,483"
"07.09.2021","620.60","619.30","626.40","4,970"
"06.09.2021","625.60","622.00","629.10","5,381"
"03.09.2021","624.30","618.00","627.90","4,679"
"02.09.2021","621.10","619.10","625.60","6,615"
"01.09.2021","623.90","618.80","629.00","6,330"
"31.08.2021","627.90","622.50","633.00","7,556"
"30.08.2021","630.00","627.90","633.60","4,938"
"27.08.2021","629.80","628.00","632.70","2,823"
"26.08.2021","630.20","628.10","635.00","4,144"
"25.08.2021","631.60","630.00","634.60","5,499"
"24.08.2021","635.00","632.00","639.80","6,477"
"23.08.2021","639.70","636.20","644.70","3,769"
"20.08.2021","640.20","635.40","645.20","4,120"
"19.08.2021","640.70","630.00","649.10","7,559"
"18.08.2021","653.20","647.50","659.80","10,259"
"17.08.2021","640.50","638.00","644.20","5,351"
"16.08.2021","642.40","635.30","645.00","3,377"
"13.08.2021","639.80","636.50","644.40","3,728"
"12.08.2021","642.80","641.30","645.60","2,841"
"11.08.2021","641.60","639.10","645.90","4,572"
"10.08.2021","642.00","638.30","645.00","4,641"
"09.08.2021","637.40","624.30","644.50","4,543"
"06.08.2021","643.50","641.00","649.20","3,289"
"05.08.2021","643.90","637.60","649.00","3,430"
"04.08.2021","646.00","642.00","649.20","6,141"
"03.08.2021","641.70","637.40","646.50","5,662"
"02.08.2021","641.10","636.00","644.30","4,600"
"30.07.2021","641.50","635.40","644.60","4,487"
"29.07.2021","640.40","632.80","642.70","4,723"
"28.07.2021","631.50","625.10","635.60","3,097"
"27.07.2021","627.90","624.10","631.00","2,648"
"26.07.2021","628.50","623.00","632.00","3,820"
"23.07.2021","632.00","627.50","638.40","4,972"
"22.07.2021","631.80","622.20","640.00","10,767"
"21.07.2021","611.60","597.50","629.80","9,577"
"20.07.2021","611.80","607.60","616.00","6,608"
"19.07.2021","615.00","609.00","624.10","6,216"
"16.07.2021","624.20","620.00","634.00","3,989"
"15.07.2021","629.50","627.10","632.00","3,858"
"14.07.2021","624.10","617.00","630.60","4,256"
"13.07.2021","618.60","616.00","624.00","8,763"
"12.07.2021","620.50","617.00","624.40","5,185"
"09.07.2021","622.80","617.20","632.80","7,933"
"08.07.2021","628.30","623.70","636.70","5,707"
"07.07.2021","631.00","626.30","639.70","8,689"
"06.07.2021","641.30","636.10","650.00","6,663"
"05.07.2021","642.50","631.60","648.00","10,420"
"02.07.2021","630.40","615.20","642.00","9,752"
"01.07.2021","626.50","616.00","635.00","8,600"
"30.06.2021","616.40","612.00","624.00","5,696"
"29.06.2021","611.30","607.00","622.10","10,251"
"28.06.2021","619.50","615.00","626.40","9,587"
"25.06.2021","621.10","619.00","627.90","8,519"
"24.06.2021","626.00","622.00","633.90","6,646"
"23.06.2021","626.20","622.20","630.40","8,003"
"22.06.2021","628.70","618.00","635.70","17,704"
"21.06.2021","628.40","612.10","654.50","18,094"
"18.06.2021","647.40","644.90","659.80","4,357"
"17.06.2021","655.30","649.40","658.50","4,793"
"16.06.2021","655.50","639.70","672.40","10,883"
"15.06.2021","669.30","665.50","672.60","4,856"
"14.06.2021","668.10","661.80","671.70","3,894"
"11.06.2021","670.80","660.50","677.70","6,317"
"10.06.2021","673.60","668.80","677.60","4,819"
"09.06.2021","672.10","667.00","677.70","3,864"
"08.06.2021","669.50","666.30","672.90","5,046"
"07.06.2021","672.30","664.00","679.60","7,718"
"04.06.2021","669.90","662.40","674.00","4,495"
"03.06.2021","673.50","668.40","681.00","5,660"
"02.06.2021","673.90","667.20","684.00","10,138"
"01.06.2021","682.50","672.10","687.00","8,494"
"31.05.2021","673.90","661.00","681.00","10,835"
"28.05.2021","664.20","658.90","669.40","4,310"
"27.05.2021","661.50","657.00","667.90","7,207"
"26.05.2021","666.30","653.00","672.20","7,849"
"25.05.2021","666.70","658.00","671.70","10,084"
"24.05.2021","656.90","645.80","664.50","8,746"
"21.05.2021","648.70","630.00","660.50","12,076"
"20.05.2021","621.30","607.60","633.50","13,331"
"19.05.2021","615.70","605.60","642.00","27,969"
"18.05.2021","647.00","636.00","656.90","19,676"
"17.05.2021","656.70","650.10","667.00","25,919"
"14.05.2021","703.40","693.20","711.00","20,550"
"13.05.2021","704.40","693.30","714.00","11,778"
"12.05.2021","712.40","708.90","716.60","8,095"
"11.05.2021","713.10","708.00","718.90","10,897"
"10.05.2021","707.50","700.90","710.00","8,260"
"07.05.2021","700.50","695.00","704.90","7,891"
"06.05.2021","695.20","691.20","698.50","5,177"
"05.05.2021","694.10","687.00","698.50","12,787"
"04.05.2021","690.70","682.10","695.90","7,708"
"30.04.2021","686.40","678.20","702.80","13,887"
"29.04.2021","700.60","695.40","705.00","5,685"
"28.04.2021","703.70","702.00","706.90","4,092"
"27.04.2021","704.40","701.20","707.90","6,432"
"26.04.2021","704.90","697.70","708.80","6,972"
"23.04.2021","699.00","696.50","704.40","7,630"
"22.04.2021","705.10","700.00","713.00","7,007"
"21.04.2021","705.30","700.00","709.40","5,171"
"20.04.2021","703.40","697.50","710.00","7,853"
"19.04.2021","701.90","689.00","710.90","13,222"
"16.04.2021","693.80","683.00","704.00","24,609"
"15.04.2021","702.40","696.80","710.00","11,897"
"14.04.2021","709.20","685.80","717.40","12,471"
"13.04.2021","714.40","712.00","718.50","8,024"
"12.04.2021","715.90","713.30","720.80","10,793"
"09.04.2021","721.40","715.20","728.20","5,700"
"08.04.2021","722.50","717.10","725.00","5,699"
"07.04.2021","717.40","714.40","723.90","8,115"
"06.04.2021","717.50","713.00","730.00","13,028"
"05.04.2021","726.00","720.00","739.80","16,461"
"02.04.2021","723.50","720.50","730.40","5,088"
"01.04.2021","728.90","723.90","734.00","7,922"
"31.03.2021","720.90","713.00","729.30","6,996"
"30.03.2021","721.50","716.00","730.00","6,744"
"29.03.2021","723.10","717.50","727.00","7,500"
"26.03.2021","717.10","713.00","720.80","7,554"
"25.03.2021","718.10","711.60","724.20","5,653"
"24.03.2021","719.00","715.30","722.70","4,793"
"23.03.2021","720.00","716.50","725.90","8,685"
"22.03.2021","720.20","712.30","727.00","10,370"
"19.03.2021","714.50","710.20","723.00","10,372"
"18.03.2021","721.50","714.10","729.00","10,888"
"17.03.2021","722.40","707.70","744.00","18,410"
"16.03.2021","742.50","733.00","750.00","15,281"
"15.03.2021","742.40","727.40","757.60","28,951"
"12.03.2021","727.50","722.10","750.00","61,232"
"11.03.2021","768.40","751.10","789.80","17,560"
"10.03.2021","773.80","754.40","795.10","20,759"
"09.03.2021","797.50","767.00","828.00","21,360"
"05.03.2021","830.60","816.10","848.00","6,353"
"04.03.2021","847.40","830.20","888.40","12,416"
"03.03.2021","859.90","851.70","872.30","7,395"
"02.03.2021","858.70","834.30","870.00","7,767"
"01.03.2021","837.10","820.90","851.70","11,982"
"26.02.2021","818.20","810.00","826.90","1,989"
"25.02.2021","820.90","810.40","837.00","3,202"
"24.02.2021","823.90","814.10","828.50","1,689"
"22.02.2021","819.50","813.50","829.60","1,922"
"20.02.2021","824.10","821.50","828.20","693"
"19.02.2021","826.50","816.40","834.00","2,773"
"18.02.2021","824.60","816.00","840.60","4,097"
"17.02.2021","837.60","813.20","843.00","9,245"
"16.02.2021","811.00","795.00","825.00","5,410"
"15.02.2021","800.00","786.00","809.50","5,684"
"12.02.2021","787.00","775.00","809.90","6,729"
"11.02.2021","809.60","795.00","836.90","9,052"
"10.02.2021","820.60","795.00","838.10","13,044"
"09.02.2021","832.10","789.90","870.00","27,809"
"08.02.2021","775.30","731.40","803.00","16,207"
"05.02.2021","735.50","728.30","742.00","2,307"
"04.02.2021","733.30","728.10","741.00","1,186"
"03.02.2021","735.20","715.10","739.70","1,646"
"02.02.2021","737.20","730.00","742.00","1,875"
"01.02.2021","727.50","710.70","730.00","1,829"
"29.01.2021","723.10","715.50","731.30","1,889"
"28.01.2021","731.50","724.00","747.00","2,439"
"27.01.2021","736.40","724.30","743.00","2,478"
"26.01.2021","725.00","719.70","728.40","923"
"25.01.2021","724.50","716.70","731.80","1,649"
"22.01.2021","714.30","702.20","725.00","1,705"
"21.01.2021","719.60","715.00","731.60","1,583"
"20.01.2021","728.90","722.10","735.90","1,417"
"19.01.2021","731.60","719.00","738.30","1,769"
"18.01.2021","723.00","717.10","742.10","3,734"
"15.01.2021","732.60","710.10","745.00","5,084"
"14.01.2021","710.80","702.90","716.90","2,061"
"13.01.2021","715.40","710.10","721.00","2,300"
"12.01.2021","715.60","712.10","720.50","2,182"
"11.01.2021","716.90","714.00","726.40","3,310"
"08.01.2021","718.80","714.40","721.80","1,478"
"06.01.2021","717.40","714.80","722.40","908"
"05.01.2021","720.30","713.80","727.70","2,367"
"04.01.2021","721.60","715.10","727.90","1,541"
"30.12.2020","712.30","705.30","718.60","1,449"
"29.12.2020","710.30","705.30","717.00","1,712"
"28.12.2020","712.60","705.10","718.30","2,220"
"25.12.2020","716.10","711.10","724.50","985"
"24.12.2020","718.10","711.00","725.30","2,242"
"23.12.2020","711.40","695.00","717.00","1,867"
"22.12.2020","701.40","687.20","715.90","5,524"
"21.12.2020","688.80","665.80","710.00","5,103"
"18.12.2020","702.80","693.30","713.80","2,788"
"17.12.2020","708.60","705.30","717.10","1,910"
"16.12.2020","710.30","707.30","714.80","1,223"
"15.12.2020","710.90","705.30","718.90","1,670"
"14.12.2020","717.70","709.00","725.90","1,904"
"11.12.2020","717.30","710.00","722.70","2,276"
"10.12.2020","715.60","704.20","735.80","3,239"
"09.12.2020","728.10","717.10","731.80","2,393"
"08.12.2020","723.30","713.60","735.00","2,236"
"07.12.2020","735.30","730.10","749.70","2,189"
"04.12.2020","730.60","719.70","742.50","2,730"
"03.12.2020","740.90","728.10","759.60","4,142"
"02.12.2020","745.60","731.10","755.50","4,836"
"01.12.2020","732.00","724.10","737.00","3,214"
"30.11.2020","723.70","690.00","737.00","8,325"
"27.11.2020","703.20","697.70","710.00","2,207"
"26.11.2020","704.80","695.70","712.60","3,119"
"25.11.2020","698.70","686.10","721.80","5,132"
"24.11.2020","716.40","711.50","726.00","2,826"
"23.11.2020","720.50","713.00","727.00","3,832"
"20.11.2020","719.60","710.10","726.00","3,453"
"19.11.2020","707.00","692.00","725.50","10,825"
"18.11.2020","729.80","721.50","737.00","5,203"
"17.11.2020","726.90","718.00","733.50","5,812"
"16.11.2020","724.70","706.80","731.00","6,832"
"13.11.2020","705.30","690.40","715.00","5,364"
"12.11.2020","698.50","685.00","704.70","5,237"
"11.11.2020","689.00","672.20","693.00","4,996"
"10.11.2020","686.40","670.00","704.70","7,852"
"09.11.2020","689.80","683.60","695.00","4,717"
"06.11.2020","687.30","681.50","693.10","3,583"
"05.11.2020","686.20","675.60","711.30","3,509"
"03.11.2020","680.80","677.20","685.80","2,141"
"02.11.2020","680.60","674.20","685.40","2,965"
"30.10.2020","683.10","673.10","689.50","3,922"
"29.10.2020","676.00","667.20","686.00","2,079"
"28.10.2020","672.60","660.00","687.60","3,565"
"27.10.2020","689.10","677.50","775.00","6,683"
"26.10.2020","677.30","669.10","688.50","1,488"
"23.10.2020","677.50","674.00","681.10","2,114"
"22.10.2020","673.40","667.80","677.80","2,020"
"21.10.2020","671.10","662.00","680.00","2,328"
"20.10.2020","666.10","650.80","674.10","3,596"
"19.10.2020","661.60","653.00","677.80","3,821"
"16.10.2020","673.00","660.50","688.00","3,222"
"15.10.2020","682.30","669.10","690.80","4,183"
"14.10.2020","687.10","678.20","696.20","5,866"
"13.10.2020","674.80","645.80","690.60","11,279"
"12.10.2020","643.00","625.10","660.70","9,783"
"09.10.2020","663.90","654.00","679.30","5,316"
"08.10.2020","679.50","670.10","692.00","3,204"
"07.10.2020","682.30","671.20","700.00","5,565"
"06.10.2020","704.10","675.80","720.00","10,797"
"05.10.2020","693.10","685.00","698.90","3,686"
"02.10.2020","679.20","665.00","694.90","4,618"
"01.10.2020","686.00","678.00","693.70","4,705"
"30.09.2020","675.90","657.60","686.60","6,794"
"29.09.2020","670.10","653.40","688.70","11,929"
"28.09.2020","650.00","628.00","662.20","6,976"
"25.09.2020","630.50","624.70","647.00","5,092"
"24.09.2020","625.40","600.00","638.80","6,354"
"23.09.2020","604.30","591.00","613.60","4,166"
"22.09.2020","607.00","587.60","626.00","7,319"
"21.09.2020","599.20","575.10","659.80","9,158"
"18.09.2020","582.50","576.00","591.00","1,728"
"17.09.2020","583.00","574.70","587.40","2,413"
"16.09.2020","578.40","573.60","586.00","1,954"
"15.09.2020","581.00","577.50","587.70","2,394"
"14.09.2020","581.50","576.60","587.80","1,421"
"11.09.2020","584.10","579.10","591.70","1,095"
"10.09.2020","582.70","573.60","592.00","2,699"
"09.09.2020","577.40","559.30","591.10","5,270"
"08.09.2020","559.60","548.00","569.00","4,282"
"07.09.2020","567.00","556.00","576.90","2,758"
"04.09.2020","566.20","556.00","572.70","4,139"
"03.09.2020","575.80","567.00","584.40","5,560"
"02.09.2020","579.10","572.10","584.90","6,374"
"01.09.2020","571.00","562.70","578.30","3,359"
"31.08.2020","570.10","559.40","584.50","4,546"
"28.08.2020","559.80","550.90","576.70","4,108"
"27.08.2020","574.80","565.40","594.00","6,042"
"26.08.2020","583.50","553.00","598.90","18,485"
"25.08.2020","563.90","532.10","579.60","17,156"
"24.08.2020","519.90","503.00","537.40","9,428"
"21.08.2020","495.70","486.30","502.80","4,022"
"20.08.2020","484.40","475.70","491.30","3,019"
"19.08.2020","486.50","481.00","490.00","3,326"
"18.08.2020","475.40","464.40","482.60","2,420"
"17.08.2020","468.20","462.60","474.80","1,661"
"14.08.2020","468.60","460.10","481.10","4,778"
"13.08.2020","472.00","467.50","474.20","1,474"
"12.08.2020","469.60","466.50","476.00","1,665"
"11.08.2020","470.20","462.00","474.50","2,228"
"10.08.2020","469.40","461.00","479.10","2,376"
"07.08.2020","469.00","461.10","477.00","2,248"
"06.08.2020","473.10","458.10","492.30","5,020"
"05.08.2020","485.20","470.50","494.00","7,584"
"04.08.2020","462.90","445.90","480.30","12,543"
"03.08.2020","442.70","431.30","447.40","3,395"
"31.07.2020","438.60","430.10","454.00","4,783"
"30.07.2020","431.90","425.40","438.80","4,676"
"29.07.2020","438.50","433.30","444.30","3,092"
"28.07.2020","440.80","431.00","452.00","3,794"
"27.07.2020","443.80","435.00","451.50","3,782"
"24.07.2020","444.50","438.20","452.20","5,535"
"23.07.2020","441.80","430.00","453.80","8,332"
"22.07.2020","425.70","416.50","430.00","6,622"
"21.07.2020","417.10","402.20","429.00","6,548"
"20.07.2020","403.10","397.40","404.90","1,084"
"17.07.2020","400.10","393.70","403.00","1,003"
"16.07.2020","396.40","392.40","399.10","709"
"15.07.2020","396.50","391.90","399.20","1,183"
"14.07.2020","393.70","387.00","402.10","2,255"
"13.07.2020","402.80","399.60","404.90","1,630"
"10.07.2020","399.60","397.30","402.50","1,268"
"09.07.2020","401.40","400.10","404.20","972"
"08.07.2020","401.90","401.00","405.00","884"
"07.07.2020","403.10","395.00","404.80","1,091"
"06.07.2020","406.20","404.00","409.80","1,357"
"03.07.2020","405.40","403.00","406.90","1,033"
"02.07.2020","406.40","404.00","409.50","1,388"
"30.06.2020","406.90","402.00","413.80","2,446"
"29.06.2020","403.00","398.20","407.10","2,111"
"26.06.2020","405.00","400.00","409.00","2,393"
"25.06.2020","399.60","395.30","404.70","2,686"
"23.06.2020","404.30","401.10","411.90","2,779"
"22.06.2020","402.70","391.90","409.00","4,169"
"19.06.2020","396.00","387.70","410.30","4,159"
"18.06.2020","405.00","402.20","410.00","1,470"
"17.06.2020","410.30","407.00","414.50","1,440"
"16.06.2020","414.20","405.20","419.60","2,473"
"15.06.2020","405.00","398.00","410.60","2,670"
"11.06.2020","411.00","404.00","419.40","4,750"
"10.06.2020","415.80","408.10","423.80","3,827"
"09.06.2020","413.90","400.30","426.50","5,403"
"08.06.2020","420.60","407.70","429.90","9,344"
"05.06.2020","401.00","386.30","409.40","8,195"
"04.06.2020","386.90","378.20","397.90","6,314"
"03.06.2020","398.70","382.50","412.00","15,033"
"02.06.2020","377.00","352.20","396.50","16,688"
"01.06.2020","349.20","346.00","352.90","4,405"
"29.05.2020","343.30","340.00","354.80","6,533"
"28.05.2020","348.40","346.00","352.00","6,762"
"27.05.2020","349.90","345.60","355.00","4,501"
"26.05.2020","350.30","348.00","353.00","3,936"
"25.05.2020","348.90","345.20","353.10","2,089"
"22.05.2020","344.50","340.00","354.90","8,771"
"21.05.2020","352.90","343.10","359.70","5,383"
"20.05.2020","339.30","333.00","344.00","6,889"
"19.05.2020","340.40","335.30","346.40","3,981"
"18.05.2020","343.20","340.50","351.00","3,719"
"15.05.2020","348.40","341.00","359.00","1,949"
"14.05.2020","352.80","346.00","361.60","1,116"
"13.05.2020","356.80","353.00","361.00","1,513"
"12.05.2020","362.00","360.00","364.70","1,030"
"08.05.2020","361.20","358.20","363.50","755"
"07.05.2020","362.70","359.10","366.20","931"
"06.05.2020","364.50","360.50","367.60","1,088"
"05.05.2020","362.30","358.20","364.60","927"
"04.05.2020","359.80","356.20","365.50","1,528"
"30.04.2020","366.50","363.30","370.50","1,979"
"29.04.2020","365.90","362.60","369.60","3,385"
"28.04.2020","369.20","362.00","373.90","3,918"
"27.04.2020","360.70","353.40","364.70","1,432"
"24.04.2020","357.50","351.00","368.30","1,301"
"23.04.2020","360.40","353.70","369.00","1,547"
"22.04.2020","359.70","345.30","367.00","2,510"
"21.04.2020","343.90","334.00","352.00","2,276"
"20.04.2020","338.70","332.70","345.90","1,669"
"17.04.2020","335.30","330.30","349.00","4,835"
"16.04.2020","345.50","336.10","359.60","3,331"
"15.04.2020","361.70","351.60","371.80","2,375"
"14.04.2020","371.70","368.30","376.50","1,622"
"13.04.2020","375.40","371.50","380.20","1,335"
"10.04.2020","375.50","365.00","382.60","1,453"
"09.04.2020","381.20","378.00","386.00","1,621"
"08.04.2020","378.00","374.10","384.50","1,045"
"07.04.2020","378.10","367.10","385.60","3,402"
"06.04.2020","366.90","365.00","370.80","1,856"
"03.04.2020","368.60","365.10","373.80","2,115"
"02.04.2020","377.30","368.60","389.90","3,861"
"01.04.2020","388.10","385.00","389.90","1,251"
"31.03.2020","389.40","386.30","390.00","1,554"
"30.03.2020","386.10","375.20","393.50","1,651"
"27.03.2020","396.30","387.40","408.90","1,160"
"26.03.2020","395.80","381.10","415.00","2,533"
"25.03.2020","395.50","382.10","408.30","2,760"
"24.03.2020","397.50","389.80","412.90","1,711"
"23.03.2020","388.60","360.20","417.00","2,843"
"20.03.2020","395.80","388.00","426.90","3,195"
"19.03.2020","413.50","402.00","432.60","1,518"
"18.03.2020","415.80","381.00","445.60","1,807"
"17.03.2020","442.90","427.00","468.80","1,519"
"16.03.2020","444.10","425.40","472.00","1,556"
"13.03.2020","473.40","460.20","487.90","1,476"
"12.03.2020","445.80","412.50","490.00","2,352"
"11.03.2020","488.70","481.70","495.80","683"
"10.03.2020","486.30","479.40","499.80","1,532"
"06.03.2020","510.00","505.00","518.00","1,148"
"05.03.2020","511.20","505.70","516.90","704"
"04.03.2020","505.70","501.00","507.90","334"
"03.03.2020","500.40","493.60","507.50","906"
"02.03.2020","497.60","485.00","506.00","1,410"
"28.02.2020","480.30","460.20","500.30","2,382"
"27.02.2020","487.70","459.00","496.60","3,809"
"26.02.2020","458.40","450.70","472.70","2,500"
"25.02.2020","482.20","377.00","499.70","2,718"
"21.02.2020","504.10","502.90","505.10","277"
"20.02.2020","504.80","503.00","506.30","297"
"19.02.2020","504.70","502.00","506.70","335"
"18.02.2020","503.90","500.10","508.30","698"
"17.02.2020","509.10","508.00","513.00","472"
"14.02.2020","509.40","507.40","511.10","401"
"13.02.2020","509.60","508.30","511.90","382"
"12.02.2020","511.00","509.20","514.00","334"
"11.02.2020","509.20","507.00","512.40","409"
"10.02.2020","509.10","505.50","511.10","362"
"07.02.2020","508.60","506.00","515.70","326"
"06.02.2020","511.70","509.00","514.00","362"
"05.02.2020","511.00","508.10","512.90","483"
"04.02.2020","511.40","510.10","513.40","394"
"03.02.2020","513.90","506.40","518.00","661"
"31.01.2020","514.30","505.00","519.80","940"
"30.01.2020","508.40","496.70","513.60","1,083"
"29.01.2020","513.50","511.10","516.70","721"
"28.01.2020","522.50","510.00","536.70","2,431"
"27.01.2020","522.30","515.00","530.00","1,356"
"24.01.2020","519.00","516.00","520.00","424"
"23.01.2020","517.30","508.60","520.90","749"
"22.01.2020","522.00","518.20","526.10","972"
"21.01.2020","520.40","515.10","523.60","1,443"
"20.01.2020","514.70","510.10","518.30","1,115"
"17.01.2020","510.60","508.60","512.00","658"
"16.01.2020","510.00","509.00","512.40","543"
"15.01.2020","510.20","508.20","514.70","612"
"14.01.2020","512.80","508.20","520.00","1,202"
"13.01.2020","517.60","512.00","524.50","1,207"
"10.01.2020","521.70","515.50","525.00","959"
"09.01.2020","513.20","511.00","518.00","1,091"
"08.01.2020","513.20","510.40","521.50","1,197"
"06.01.2020","520.30","518.00","525.90","629"
"03.01.2020","522.40","519.20","526.00","868"
"30.12.2019","520.80","515.20","529.50","1,233"
"27.12.2019","523.60","511.70","539.70","3,169"
"26.12.2019","538.30","528.00","544.30","3,441"
"25.12.2019","527.30","508.40","538.00","5,730"
"24.12.2019","505.80","496.00","514.70","2,105"
"23.12.2019","502.40","492.30","506.60","1,682"
"20.12.2019","504.00","490.40","519.90","4,867"
"19.12.2019","521.60","512.00","529.50","3,135"
"18.12.2019","524.00","502.50","558.80","18,473"
"17.12.2019","553.70","544.90","565.00","2,487"
"16.12.2019","562.30","545.00","586.00","3,021"
"13.12.2019","578.50","565.30","587.30","3,559"
"12.12.2019","590.90","583.40","600.00","2,568"
"11.12.2019","586.60","580.80","595.00","1,388"
"10.12.2019","584.20","572.20","592.80","2,093"
"09.12.2019","584.60","569.70","618.40","8,510"
"06.12.2019","603.20","590.00","613.40","8,501"
"05.12.2019","566.80","545.70","580.90","7,834"
"04.12.2019","537.30","519.20","544.90","3,478"
"03.12.2019","515.10","501.10","518.60","2,007"
"02.12.2019","498.40","492.10","504.70","1,224"
"29.11.2019","493.60","491.60","496.60","398"
"28.11.2019","492.30","489.60","493.50","281"
"27.11.2019","491.80","487.80","495.80","692"
"26.11.2019","483.40","480.10","497.70","496"
"25.11.2019","492.40","489.60","495.00","395"
"22.11.2019","490.10","488.90","491.20","247"
"21.11.2019","489.20","487.50","492.00","248"
"20.11.2019","489.60","486.80","492.60","276"
"19.11.2019","490.30","486.70","493.50","460"
"18.11.2019","487.90","487.00","489.20","315"
"15.11.2019","487.90","486.90","489.00","350"
"14.11.2019","488.50","483.40","494.80","510"
"13.11.2019","490.50","486.90","499.50","765"
"12.11.2019","492.90","488.00","502.00","1,225"
"11.11.2019","498.10","488.40","505.70","2,223"
"08.11.2019","490.10","482.50","499.40","1,588"
"07.11.2019","483.90","472.30","488.70","1,758"
"06.11.2019","471.00","453.20","481.00","2,125"
"05.11.2019","454.80","448.80","459.00","1,663"
"01.11.2019","443.30","430.30","448.90","2,639"
"31.10.2019","424.50","416.50","429.10","1,126"
"30.10.2019","416.40","413.80","419.30","395"
"29.10.2019","415.40","408.60","419.70","392"
"28.10.2019","410.70","408.00","412.90","192"
"25.10.2019","408.40","406.00","413.90","213"
"24.10.2019","409.00","400.00","423.50","684"
"23.10.2019","409.70","398.20","431.00","1,856"
"22.10.2019","429.30","426.20","431.30","235"
"21.10.2019","427.60","409.50","436.60","1,068"
"18.10.2019","427.70","418.00","431.50","527"
"17.10.2019","415.70","407.30","423.70","801"
"16.10.2019","406.40","401.10","407.90","431"
"15.10.2019","398.50","392.70","403.70","679"
"14.10.2019","395.90","392.50","397.90","342"
"11.10.2019","394.60","392.00","398.90","1,202"
"10.10.2019","391.50","386.70","396.80","752"
"09.10.2019","389.60","380.00","396.60","1,363"
"08.10.2019","387.70","384.00","392.90","847"
"07.10.2019","391.70","387.10","398.90","686"
"04.10.2019","395.00","391.00","400.00","731"
"03.10.2019","392.90","383.30","408.90","3,224"
"02.10.2019","410.00","404.10","418.50","670"
"01.10.2019","415.80","410.20","426.80","843"
"30.09.2019","422.60","420.80","425.40","210"
"27.09.2019","426.80","423.30","428.10","185"
"26.09.2019","426.90","422.70","428.70","293"
"25.09.2019","424.80","421.60","433.70","705"
"24.09.2019","426.50","424.90","430.40","314"
"23.09.2019","430.00","420.60","435.60","610"
"20.09.2019","420.80","416.40","434.00","2,051"
"19.09.2019","423.60","415.00","435.00","3,958"
"18.09.2019","438.90","435.00","446.10","1,381"
"17.09.2019","444.50","438.00","449.00","2,441"
"16.09.2019","449.30","444.40","453.00","1,206"
"13.09.2019","449.00","444.40","452.40","1,141"
"12.09.2019","447.50","442.50","453.90","1,262"
"11.09.2019","453.10","447.30","453.90","889"
"10.09.2019","447.80","445.30","454.90","936"
"09.09.2019","449.80","441.00","453.20","1,460"
"06.09.2019","453.20","448.20","460.40","1,400"
"05.09.2019","455.20","450.50","479.70","2,785"
"04.09.2019","452.00","444.90","455.00","1,565"
"03.09.2019","449.10","448.90","459.30","880"
"02.09.2019","462.10","456.00","492.60","2,618"
"30.08.2019","452.20","443.80","463.50","1,569"
"29.08.2019","431.80","437.40","447.00","828"
"28.08.2019","436.60","435.90","443.40","1,483"
"27.08.2019","436.60","434.20","449.90","908"
"26.08.2019","436.90","445.00","449.10","1,736"
"23.08.2019","447.50","444.70","450.00","1,005"
"22.08.2019","436.30","443.70","457.40","1,345"
"21.08.2019","435.60","442.60","448.30","897"
"20.08.2019","435.90","431.30","449.90","1,118"
"19.08.2019","430.90","426.90","443.80","1,872"
"16.08.2019","426.30","425.10","431.70","1,505"
"15.08.2019","425.90","422.10","427.30","1,991"
"14.08.2019","426.60","424.00","428.50","2,164"
"13.08.2019","426.70","423.00","427.40","1,762"
"12.08.2019","426.90","424.30","428.40","1,284"
"09.08.2019","427.30","424.60","434.50","1,747"
"08.08.2019","427.80","423.30","447.30","3,184"
"07.08.2019","428.00","424.20","448.00","1,704"
"06.08.2019","426.90","423.40","430.10","1,777"
"05.08.2019","426.90","421.40","430.20","1,185"
"02.08.2019","427.10","424.00","432.60","1,385"
"01.08.2019","427.00","424.00","430.00","1,207"
"31.07.2019","427.10","422.30","429.00","968"
"30.07.2019","426.90","422.20","428.90","1,145"
"29.07.2019","426.00","419.90","427.20","868"
"26.07.2019","425.90","419.00","427.60","1,167"
"25.07.2019","427.20","422.60","432.00","1,639"
"24.07.2019","427.00","424.30","434.40","1,512"
"23.07.2019","428.80","427.30","431.90","1,060"
"22.07.2019","430.40","428.40","431.60","902"
"19.07.2019","429.40","427.10","434.40","845"
"18.07.2019","429.00","425.10","431.60","1,023"
"17.07.2019","430.50","425.00","434.70","1,070"
"16.07.2019","430.50","427.50","434.60","1,188"
"15.07.2019","430.00","426.40","435.10","652"
"12.07.2019","429.50","428.60","430.30","855"
"11.07.2019","430.50","428.70","435.00","374"
"10.07.2019","434.40","424.00","458.80","2,653"
"09.07.2019","430.60","429.50","432.40","889"
"08.07.2019","431.00","427.00","435.90","849"
"05.07.2019","429.40","427.00","437.70","1,370"
"04.07.2019","429.10","428.10","428.70","668"
"03.07.2019","428.40","427.90","428.40","1,169"
"02.07.2019","428.30","426.50","429.10","1,151"
"01.07.2019","428.30","425.30","429.40","987"
"28.06.2019","428.00","424.10","427.70","943"
"27.06.2019","427.80","426.30","427.60","873"
"26.06.2019","427.30","425.90","427.80","791"
"25.06.2019","427.10","423.50","427.30","196"
"24.06.2019","427.00","421.10","428.50","585"
"21.06.2019","427.70","426.10","428.00","317"
"20.06.2019","427.20","425.60","428.30","111"
"19.06.2019","427.10","425.00","427.50","116"
"18.06.2019","427.00","425.00","429.00","119"
"17.06.2019","426.90","423.30","427.40","123"
"14.06.2019","425.90","420.00","428.80","539"
"13.06.2019","426.20","424.00","428.00","405"
"11.06.2019","426.50","424.60","427.20","258"
"10.06.2019","426.40","425.00","426.80","122"
"07.06.2019","426.30","424.90","427.50","69"
"06.06.2019","425.90","424.10","425.90","115"
"05.06.2019","425.80","421.40","428.80","1,034"
"04.06.2019","425.10","422.50","426.00","838"
"03.06.2019","425.50","422.70","425.70","775"
"31.05.2019","424.60","420.40","424.90","1,147"
"30.05.2019","424.40","418.60","425.50","962"
"29.05.2019","423.90","413.00","425.20","1,393"
"28.05.2019","420.00","410.20","423.30","1,114"
"27.05.2019","424.20","417.90","423.70","1,129"
"24.05.2019","422.90","415.30","423.20","892"
"23.05.2019","424.40","419.10","424.90","806"
"22.05.2019","423.80","421.50","423.80","780"
"21.05.2019","424.20","418.30","424.00","889"
"20.05.2019","420.50","418.30","421.90","857"
"17.05.2019","419.30","412.10","420.00","848"
"16.05.2019","412.50","313.10","421.00","1,521"
"15.05.2019","420.50","418.60","421.20","1,054"
"14.05.2019","420.60","416.20","421.50","1,640"
"13.05.2019","421.30","419.50","423.10","1,022"
"10.05.2019","422.60","416.00","424.90","1,108"
"08.05.2019","418.20","416.20","421.30","952"
"07.05.2019","419.20","416.50","420.00","779"
"06.05.2019","417.50","415.30","421.20","887"
"03.05.2019","423.20","419.90","424.50","966"
"02.05.2019","422.20","418.10","422.50","942"
"30.04.2019","415.60","407.20","422.00","1,692"
"29.04.2019","419.40","417.20","420.30","1,047"
"26.04.2019","418.80","417.30","420.20","889"
"25.04.2019","419.90","417.50","421.00","870"
"24.04.2019","423.00","417.90","421.30","1,202"
"23.04.2019","420.10","415.70","421.20","1,115"
"22.04.2019","418.20","413.90","421.00","1,027"
"19.04.2019","417.20","407.80","420.00","1,056"
"18.04.2019","408.50","406.70","410.00","946"
"17.04.2019","409.20","406.20","409.00","1,143"
"16.04.2019","407.80","407.40","409.00","812"
"15.04.2019","408.10","406.10","409.00","1,059"
"12.04.2019","410.90","405.60","414.00","996"
"11.04.2019","409.00","405.00","411.70","1,485"
"10.04.2019","407.20","405.40","409.40","1,061"
"09.04.2019","407.90","406.50","410.90","1,141"
"08.04.2019","408.00","406.40","408.60","928"
"05.04.2019","407.80","405.00","409.80","1,554"
"04.04.2019","407.90","406.20","409.00","1,675"
"03.04.2019","407.40","405.50","408.20","1,682"
"02.04.2019","407.60","405.70","409.00","1,537"
"01.04.2019","407.20","405.40","408.80","1,825"
"29.03.2019","408.30","406.50","409.40","1,494"
"28.03.2019","407.70","405.60","408.60","1,403"
"27.03.2019","407.70","405.50","408.90","1,460"
"26.03.2019","408.20","405.90","409.30","1,542"
"25.03.2019","408.60","405.80","410.10","1,397"
"22.03.2019","408.70","405.80","410.90","1,838"
"21.03.2019","409.20","405.90","411.00","2,063"
"20.03.2019","407.00","405.10","408.50","1,853"
"19.03.2019","405.30","405.00","408.70","1,703"
"18.03.2019","405.30","404.90","406.60","1,953"
"15.03.2019","405.30","403.00","406.00","1,555"
"14.03.2019","404.70","404.00","405.70","1,419"
"13.03.2019","405.20","404.20","405.80","1,421"
"12.03.2019","405.00","404.00","406.20","1,602"
"11.03.2019","405.40","405.00","407.70","1,830"
"07.03.2019","406.30","405.00","408.00","1,626"
"06.03.2019","405.10","403.50","406.70","1,597"
"05.03.2019","405.40","404.00","406.90","1,687"
"04.03.2019","406.70","405.30","407.60","1,457"
"01.03.2019","408.00","406.10","411.00","1,646"
"28.02.2019","408.30","405.20","412.00","1,442"
"27.02.2019","405.40","404.40","407.90","1,400"
"26.02.2019","406.00","404.10","407.40","1,678"
"25.02.2019","403.40","402.10","407.10","1,389"
"22.02.2019","404.50","402.90","407.80","1,316"
"21.02.2019","406.40","404.80","408.40","1,503"
"20.02.2019","408.50","406.10","410.00","1,567"
"19.02.2019","405.00","403.20","413.00","1,760"
"18.02.2019","405.80","404.00","406.90","1,494"
"15.02.2019","404.60","403.10","407.00","1,568"
"14.02.2019","402.70","401.00","404.60","1,536"
"13.02.2019","402.90","400.30","405.80","1,933"
"12.02.2019","403.00","401.90","404.40","1,764"
"11.02.2019","403.40","401.90","404.40","1,868"
"08.02.2019","401.70","399.90","404.00","2,101"
"07.02.2019","400.30","399.50","401.50","1,787"
"06.02.2019","400.50","399.90","402.30","2,202"
"05.02.2019","400.60","399.10","403.50","1,965"
"04.02.2019","402.80","400.90","403.90","1,934"
"01.02.2019","402.10","400.00","403.70","1,662"
"31.01.2019","402.60","400.60","403.80","1,986"
"30.01.2019","400.50","399.40","403.30","1,518"
"29.01.2019","401.80","400.50","404.20","1,398"
"28.01.2019","403.50","400.30","404.50","1,632"
"25.01.2019","401.90","400.50","404.20","1,246"
"24.01.2019","402.00","401.20","404.20","1,285"
"23.01.2019","402.90","402.40","404.10","1,247"
"22.01.2019","403.70","402.40","405.00","1,401"
"21.01.2019","405.70","404.40","406.50","1,436"
"18.01.2019","404.10","402.20","408.50","1,164"
"17.01.2019","407.00","404.20","408.30","1,207"
"16.01.2019","407.50","405.10","408.50","1,217"
"15.01.2019","407.30","405.90","411.00","1,110"
"14.01.2019","410.30","402.50","412.00","1,649"
"11.01.2019","406.80","401.70","410.00","1,568"
"10.01.2019","410.60","400.10","411.00","1,548"
"09.01.2019","401.50","399.10","404.80","2,331"
"08.01.2019","400.90","400.00","403.80","1,446"
"04.01.2019","405.90","400.40","409.80","1,125"
"03.01.2019","409.40","399.20","412.80","1,647"
"29.12.2018","410.20","402.40","411.00","1,413"
"28.12.2018","398.90","395.40","411.70","2,290"
"27.12.2018","397.40","392.30","399.40","1,596"
"26.12.2018","395.10","392.00","396.40","1,649"
"25.12.2018","391.00","384.20","394.90","1,838"
"24.12.2018","397.90","392.00","411.10","2,210"
"21.12.2018","403.80","398.00","414.90","1,801"
"20.12.2018","398.70","393.10","402.40","2,153"
"19.12.2018","400.50","399.00","403.50","2,305"
"18.12.2018","406.20","399.50","409.00","2,014"
"17.12.2018","402.70","397.50","407.70","1,933"
"14.12.2018","398.00","395.00","399.40","1,525"
"13.12.2018","398.00","396.40","401.70","1,713"
"12.12.2018","398.10","395.80","402.00","1,923"
"11.12.2018","399.40","397.10","401.00","1,934"
"10.12.2018","398.80","396.80","400.00","2,005"
"07.12.2018","401.40","399.50","404.90","2,260"
"06.12.2018","401.50","400.20","404.30","1,950"
"05.12.2018","403.00","398.70","419.90","1,874"
"04.12.2018","400.40","398.50","405.00","2,430"
"03.12.2018","409.60","405.60","413.30","1,609"
"30.11.2018","405.30","398.00","418.20","2,601"
"29.11.2018","402.00","399.00","404.80","2,243"
"28.11.2018","401.30","397.50","404.00","1,490"
"27.11.2018","399.70","398.00","401.50","1,630"
"26.11.2018","399.00","393.50","400.70","1,499"
"23.11.2018","399.40","397.70","400.60","1,451"
"22.11.2018","399.00","395.40","401.40","1,330"
"21.11.2018","396.00","394.10","401.50","1,612"
"20.11.2018","400.90","399.40","402.40","1,641"
"19.11.2018","401.50","398.70","402.20","1,337"
"16.11.2018","399.30","397.10","402.10","1,944"
"15.11.2018","399.00","396.10","399.80","1,644"
"14.11.2018","393.40","390.30","399.90","2,117"
"13.11.2018","395.90","393.00","400.70","1,634"
"12.11.2018","397.20","395.50","400.80","1,464"
"09.11.2018","401.30","396.00","411.90","2,048"
"08.11.2018","400.40","397.00","408.10","1,924"
"07.11.2018","404.80","400.20","407.20","1,608"
"06.11.2018","402.20","395.00","408.90","1,307"
"02.11.2018","403.90","399.10","408.40","1,797"
"01.11.2018","396.90","395.30","402.00","2,050"
"31.10.2018","403.40","398.50","418.00","2,138"
"30.10.2018","407.60","397.70","419.00","1,852"
"29.10.2018","401.80","399.50","404.30","1,823"
"26.10.2018","397.70","390.00","408.00","1,860"
"25.10.2018","393.40","389.10","395.00","1,859"
"24.10.2018","387.00","381.90","394.80","1,483"
"23.10.2018","388.10","380.70","390.70","1,518"
"22.10.2018","389.90","388.00","394.40","1,402"
"19.10.2018","394.10","391.80","398.00","1,557"
"18.10.2018","394.00","391.60","396.80","1,605"
"17.10.2018","394.90","390.20","396.90","1,726"
"16.10.2018","395.10","389.30","396.40","1,551"
"15.10.2018","392.20","387.50","404.30","1,569"
"12.10.2018","391.40","387.00","402.00","1,548"
"11.10.2018","389.20","384.10","400.00","1,615"
"10.10.2018","398.70","393.90","404.00","1,732"
"09.10.2018","402.60","401.50","406.70","905"
"08.10.2018","403.80","401.80","406.70","1,007"
"05.10.2018","406.30","402.70","409.50","930"
"04.10.2018","406.10","404.80","408.40","1,112"
"03.10.2018","408.70","407.10","410.30","959"
"02.10.2018","407.10","405.90","411.00","932"
"01.10.2018","407.20","406.50","408.80","910"
"28.09.2018","408.70","405.50","409.50","940"
"27.09.2018","406.80","405.00","410.50","1,092"
"26.09.2018","409.60","405.80","412.30","1,140"
"25.09.2018","410.30","406.30","413.40","1,316"
"24.09.2018","410.00","406.30","413.30","1,554"
"21.09.2018","414.50","406.60","422.00","940"
"20.09.2018","408.60","406.20","410.90","1,302"
"19.09.2018","408.80","404.00","414.50","1,127"
"18.09.2018","411.20","406.70","415.10","901"
"17.09.2018","406.70","404.80","409.60","955"
"14.09.2018","408.00","405.80","411.40","1,230"
"13.09.2018","412.10","408.60","419.00","1,433"
"12.09.2018","414.60","409.00","419.90","1,217"
"11.09.2018","411.40","405.50","413.00","1,176"
"10.09.2018","410.60","406.70","411.90","793"
"07.09.2018","406.40","403.80","409.50","1,127"
"06.09.2018","406.80","403.00","412.90","824"
"05.09.2018","408.90","400.10","412.30","1,492"
"04.09.2018","407.20","402.00","416.80","2,311"
"03.09.2018","420.40","411.90","428.00","1,556"
"31.08.2018","417.40","405.10","433.00","1,317"
"30.08.2018","416.40","412.00","420.80","1,133"
"29.08.2018","416.50","408.40","420.00","1,343"
"28.08.2018","408.50","401.20","411.00","858"
"27.08.2018","401.60","398.90","405.80","999"
"24.08.2018","404.90","398.20","408.20","1,190"
"23.08.2018","406.30","404.10","408.00","800"
"22.08.2018","405.30","403.30","410.50","1,081"
"21.08.2018","399.90","394.10","410.00","1,051"
"20.08.2018","400.00","398.10","408.90","862"
"17.08.2018","401.20","397.10","406.70","646"
"16.08.2018","401.20","397.10","402.80","758"
"15.08.2018","398.80","396.50","401.00","660"
"14.08.2018","400.60","398.40","405.00","475"
"13.08.2018","399.30","397.00","405.00","686"
"10.08.2018","408.10","397.90","410.00","723"
"09.08.2018","406.90","401.60","409.40","864"
"08.08.2018","406.50","401.30","408.00","563"
"07.08.2018","407.80","397.00","410.90","772"
"06.08.2018","407.00","400.20","410.60","1,002"
"03.08.2018","390.80","382.20","408.00","1,502"
"02.08.2018","385.20","382.20","387.10","693"
"01.08.2018","382.70","374.10","386.90","1,167"
"31.07.2018","375.50","361.20","388.90","2,089"
"30.07.2018","385.30","377.50","394.40","1,060"
"27.07.2018","393.10","391.50","399.50","798"
"26.07.2018","397.20","390.30","403.00","840"
"25.07.2018","400.90","399.40","405.80","583"
"24.07.2018","402.60","401.00","406.50","665"
"23.07.2018","407.40","404.20","409.90","644"
"20.07.2018","405.70","402.50","409.90","608"
"19.07.2018","409.10","407.40","410.70","545"
"18.07.2018","410.00","408.70","410.60","491"
"17.07.2018","410.70","407.50","411.90","611"
"16.07.2018","410.10","409.00","413.50","708"
"13.07.2018","410.10","407.00","412.40","616"
"12.07.2018","409.50","403.50","411.50","637"
"11.07.2018","412.20","407.40","414.40","1,022"
"10.07.2018","409.70","405.10","410.80","721"
"09.07.2018","408.90","403.20","411.00","607"
"06.07.2018","405.60","402.00","407.90","562"
"05.07.2018","407.00","402.00","407.50","573"
"04.07.2018","401.90","394.10","405.50","726"
"03.07.2018","401.90","401.00","403.00","537"
"02.07.2018","403.20","402.00","405.70","686"
"29.06.2018","402.70","402.00","404.90","600"
"28.06.2018","401.70","400.60","403.30","566"
"27.06.2018","405.70","402.00","406.60","501"
"26.06.2018","406.70","403.00","407.80","500"
"25.06.2018","405.40","401.00","407.00","579"
"22.06.2018","406.60","402.50","408.00","676"
"21.06.2018","404.60","401.60","411.00","1,119"
"20.06.2018","411.10","404.10","420.00","1,027"
"19.06.2018","412.00","402.20","419.80","941"
"18.06.2018","402.90","401.00","405.00","559"
"15.06.2018","402.40","400.40","404.70","1,988"
"14.06.2018","406.20","404.00","407.80","644"
"13.06.2018","405.00","403.00","410.90","2,197"
"11.06.2018","403.40","400.40","417.50","737"
"09.06.2018","417.70","410.90","419.00","330"
"08.06.2018","412.00","407.00","422.50","727"
"07.06.2018","405.40","402.00","419.80","889"
"06.06.2018","402.10","400.80","404.30","586"
"05.06.2018","405.40","402.60","414.50","2,426"
"04.06.2018","413.60","405.30","416.70","921"
"01.06.2018","405.80","403.90","407.90","618"
"31.05.2018","406.00","401.60","407.80","637"
"30.05.2018","403.30","397.90","404.90","704"
"29.05.2018","401.70","401.20","403.30","340"
"28.05.2018","402.80","401.30","405.70","467"
"25.05.2018","401.70","401.00","406.40","488"
"24.05.2018","402.20","401.20","404.40","537"
"23.05.2018","405.80","400.90","407.90","856"
"22.05.2018","404.30","400.50","408.30","1,368"
"21.05.2018","403.70","402.50","408.40","1,421"
"18.05.2018","402.40","400.10","409.60","2,167"
"17.05.2018","409.30","407.80","412.00","687"
"16.05.2018","408.70","408.00","412.00","1,203"
"15.05.2018","411.90","406.40","413.70","948"
"14.05.2018","412.90","411.90","416.60","541"
"11.05.2018","412.50","410.00","414.20","538"
"10.05.2018","413.70","410.00","418.00","964"
"08.05.2018","415.50","413.00","417.00","806"
"07.05.2018","413.60","410.00","414.90","640"
"04.05.2018","410.20","407.70","411.80","850"
"03.05.2018","407.20","405.00","410.40","809"
"02.05.2018","408.80","402.30","411.30","708"
"30.04.2018","413.90","402.90","420.80","1,099"
"28.04.2018","405.50","402.00","406.00","312"
"27.04.2018","400.60","399.90","404.50","856"
"26.04.2018","400.80","398.70","403.00","555"
"25.04.2018","403.20","399.40","411.30","837"
"24.04.2018","409.30","400.90","412.80","1,634"
"23.04.2018","407.50","402.20","410.00","882"
"20.04.2018","406.00","397.60","408.30","880"
"19.04.2018","402.80","398.50","407.40","1,121"
"18.04.2018","401.40","394.90","408.20","1,110"
"17.04.2018","400.90","390.80","405.00","876"
"16.04.2018","390.20","387.60","404.10","721"
"13.04.2018","404.30","398.60","411.00","870"
"12.04.2018","402.60","389.90","410.60","1,051"
"11.04.2018","385.90","375.80","396.90","1,292"
"10.04.2018","386.70","374.60","401.90","2,378"
"09.04.2018","401.20","396.30","410.00","1,547"
"06.04.2018","407.40","405.20","410.00","904"
"05.04.2018","407.60","405.30","410.00","2,082"
"04.04.2018","408.00","406.20","410.00","731"
"03.04.2018","408.00","404.90","418.90","1,447"
"02.04.2018","410.20","405.90","444.00","1,181"
"30.03.2018","407.80","405.00","417.50","613"
"29.03.2018","412.40","410.60","416.00","1,051"
"28.03.2018","412.80","405.00","434.80","831"
"27.03.2018","427.80","424.00","437.90","526"
"26.03.2018","434.70","431.60","442.70","503"
"23.03.2018","429.00","418.90","440.10","2,244"
"22.03.2018","417.30","405.20","420.00","771"
"21.03.2018","400.40","396.80","405.90","1,066"
"20.03.2018","400.30","395.80","406.70","1,123"
"19.03.2018","401.60","400.00","407.40","1,505"
"16.03.2018","402.80","400.00","414.00","975"
"15.03.2018","412.50","390.20","431.00","1,033"
"14.03.2018","412.00","402.80","420.00","1,973"
"13.03.2018","401.80","387.00","404.80","1,207"
"12.03.2018","402.20","391.00","420.90","1,151"
"09.03.2018","407.00","403.30","409.40","945"
